{
	"sprites": {
		"g": "grass.png",
		"w": "water.png",
		"f": "forest_glade.png",
		"c": "city.png",
		"_": "forest_horizont_texture.png",
		"|": "forest_vertical_texture.png",
		"1": "forest_left_up_texture.png",
		"2": "forest_right_up_texture.png",
		"3": "forest_left_down_texture.png",
		"4": "forest_right_down_texture.png",
		"r": "trail_horizontally.png",
		"`": "road.png"
	},
	"blocks_blockers": [
		"w", "f", "|", "_", "1", "2", "3", "4"
	],
	"teleports": {
		"`": "forest.zip"
	},
	"windows": {
		"c": "Store"
	},
	"spawn": [1, 6]
}